<Skin>
	<Fonts>	
		<Font name="MenuItems" color="#CCCCCC" typeFace="DroidSans" size="21"/> 		
	</Fonts>

	<Element name="ButtonBackground2" location="0,67.98" size="100,15.45" alpha="60">	    
		<Rect location="0,0" size="100,70" fillColor="c2e9ff"/>		
	</Element>
	
	<Element name="ButtonBackground" location="0,67.98" size="100,15.45" alpha="255">	    
		<Rect location="0,-1.55" size="100,3.09" fillColor="Border2"/>					
		<RoundedRect location="37.08,13.13" size="25.84,104" fillColor="BaseColor2" borderColor="#00000000" radius="2.32" borderWidth="0"/>
		<Rect location="0,67" size="100,33" fillColor="BaseColor2"/>
		<Rect location="0,68" size="50.02,2.32" fillColor="Accent2_Horizontal_FadeIn"/>
		<Rect location="49.99,68" size="50,2.32" fillColor="Accent2_Horizontal_FadeOut"/>
	</Element>

	<Element name="MenuButton" location="0,0" size="23.18,12.36" >
		<Text text="@buttonText" location="0,24.72" size="100,92" font="MenuItems" borderColor="Border2" outlineWidth="1" align="Center"/>
	</Element>

	<Element name="VideoInset" location="20,5" size="60,60" >
	</Element>
</Skin>