﻿<?xml version="1.0" encoding="utf-8"?>
<Skin>
  <Fonts>
    <Font name="Default" color="Black" size="13" />    
    <Font name="MenuButton" color="white" typeFace="DroidSans" style="bold" size="13"/> 		
  </Fonts>

  <Element name="ButtonBackground" location="0,0" size="28,100" alpha="220">
    <RoundedRect location="2,1" size="98,98" fillColor="#82181818" borderColor="Transparent" radius="2" borderWidth="0"/>
  </Element>
  
  <Element name="MenuButtonNormal" location="1,7" size="26,6" buttonOffset="6">
    <RoundedRect location="2,2" size="98,98" fillColor="#11000000" borderColor="Transparent" radius="1" borderWidth="0"/>
    <Image source="@taskIcon" location="3,35" size="10,40" fixedAspectRatio="true"/>
    <Text text="@buttonText" location="13,4" size="100,100" font="MenuButton" align="Left" valign="Center"/>
  </Element>
  
  <Element name="MenuButtonSelected" location="1,7" size="26,6">
    <RoundedRect location="2,2" size="98,98" fillColor="#282828" borderColor="Transparent" radius="1" borderWidth="0"/>
    <!--<RoundedRect location="6,32" size="5,38" fillColor="Green" borderColor="Black" radius="0.1" borderWidth="1"/> -->
    <Image source="icons\Selected.png" location="3,25" size="10,60" fixedAspectRatio="true"/>
    <Image source="@taskIcon" location="3,35" size="10,40" fixedAspectRatio="true"/>
    <Text text="@buttonText" location="13,4" size="100,100" font="MenuButton" align="Left" valign="Center"/>
  </Element>

  <Element name="VideoInset" location="31,20" size="66,60" >
  </Element>
</Skin>