<Skin>
	<Element name="SelectListPopup" location="0,0" size="100,100" alpha="255" okButton="40,85.4" cancelButton="60,85.4">
		<RoundedRect location="30,29" size="40,42" fillColor="Popup" borderColor="Popup_Border" radius="3.09" borderWidth="0.07"/>
		<Rect location="32,29" size="18,0.15" fillColor="Accent1_Horizontal_FadeIn"/>
		<Rect location="50,29" size="18,0.15" fillColor="Accent1_Horizontal_FadeOut"/>
		<Rect location="32,71" size="18,0.15" fillColor="Accent1_Horizontal_FadeIn"/>
		<Rect location="50,71" size="18,0.15" fillColor="Accent1_Horizontal_FadeOut"/>
	</Element>


	<Element name="ListView" location="32.0,32.0" size="37,5" alpha="255" visibleRows="7">
	</Element>

	<Element name="ListItemNormal" location="32.0,32.0" size="37,5" alpha="255" alphaFade="true">
		<RoundedRect location="0.15,0.15" size="99.7,98.45" fillColor="Normal_Recording" borderColor="Accent1" radius="0.77" borderWidth="0.15"/>
		<Text text="@name" location="2.5,10" size="95,80" font="DefaultSmall" align="Left" valign="Center"/>
	</Element>

	<Element name="ListItemSelected" location="32.0,32.0" size="37,5" alpha="255" alphaFade="true">
		<RoundedRect visible="@controlSelected" location="0.15,0.15" size="99.7,99.4" fillColor="Selected_Recording" borderColor="Border2" radius="1.27" borderWidth="0.3"/>
		<RoundedRect visible="@controlNotSelected" location="0.15,0.15" size="99.7,99.4" fillColor="Selected_Recording" borderColor="Border2" radius="1.27" borderWidth="0.3"/>
		<Text text="@name" location="2.5,10" size="95,80" font="DefaultReverseSmall" align="Left" valign="Center"/>
	</Element>
</Skin>