<Skin>
	<Element name="GuideDateTime" location="1.55,12.36" size="@channelWidth,3.86" alpha="255">
		<RoundedRect location="0,1" size="110,130" fillColor="Guide_Timeline" borderColor="Transparent" radius="1.55" borderWidth="0"/>
		<Rect location="0,92" size="50,6.95" fillColor="Accent1_Horizontal_FadeIn"/>
		<Rect location="49.9,92" size="50.1,6.95" fillColor="Accent1_Horizontal_FadeOut"/>
		<Text text="@dateTime" location="0,0" size="100,100" font="DefaultMinimum" align="Center" valign="Center"/>
	</Element>

	<Element name="GuideTimeLine" location="@guideOffsetX,12.36" size="@guideWidth,3.86" alpha="255">
		<RoundedRect location="-10,1" size="110,130" fillColor="Guide_Timeline" borderColor="Transparent" radius="1.55" borderWidth="0"/>
		<Rect location="0,92" size="50.1,6.95" fillColor="Accent2_Horizontal_FadeIn"/>
		<Rect location="50,92" size="50,6.95" fillColor="Accent2_Horizontal_FadeOut"/>
		<Image source="@recordingHighlight" location="0,0" size="100,90"/>
		<Text text="@0minutes" location="@0minutesX,0" size="100,100" font="DefaultMinimum" align="Left" valign="Center"/>
		<Text text="@30minutes" location="@30minutesX,0" size="100,100" font="DefaultMinimum" align="Left" valign="Center"/>
		<Text text="@60minutes" location="@60minutesX,0" size="100,100" font="DefaultMinimum" align="Left" valign="Center"/>
		<Text text="@90minutes" location="@90minutesX,0" size="100,100" font="DefaultMinimum" align="Left" valign="Center"/>
		<Text text="@120minutes" location="@120minutesX,0" size="100,100" font="DefaultMinimum" align="Left" valign="Center"/>
		<Text text="@150minutes" location="@150minutesX,0" size="100,100" font="DefaultMinimum" align="Left" valign="Center"/>
		<Text text="@180minutes" location="@180minutesX,0" size="100,100" font="DefaultMinimum" align="Left" valign="Center"/>
		<Text text="@210minutes" location="@210minutesX,0" size="100,100" font="DefaultMinimum" align="Left" valign="Center"/>
		<Text text="@240minutes" location="@240minutesX,0" size="100,100" font="DefaultMinimum" align="Left" valign="Center"/>
		<Text text="@270minutes" location="@270minutesX,0" size="100,100" font="DefaultMinimum" align="Left" valign="Center"/>
		<Text text="@300minutes" location="@300minutesX,0" size="100,100" font="DefaultMinimum" align="Left" valign="Center"/>
		<Text text="@330minutes" location="@330minutesX,0" size="100,100" font="DefaultMinimum" align="Left" valign="Center"/>
		<Text text="@360minutes" location="@360minutesX,0" size="100,100" font="DefaultMinimum" align="Left" valign="Center"/>
	</Element>


	<Element name="Guide" location="@guideOffsetX,16.6" size="@guideWidth,4.87" alpha="255" visibleChannels="10" wrapText="false" backgroundColor="backgroundColor" selectedColor="selectedColor" recordingColor="recordingColor" recordingSelectedColor="recordingSelectedColor">
		<Rect location="0,0" size="100,100" fillColor="backgroundColor"/>		
	</Element>
	
	<Element name="GuideTips" location="10,93" size="80,6" alpha="100">		
		<RoundedRect location="1,1" size="98,98" fillColor="Black" borderColor="Transparent" radius="2.32" borderWidth="0"/>
		<Image source="skip-back.png" location="12,2" size="3,90" fixedAspectRatio="true" />
		<Text text="-24HRS" location="10,0" name="SkipBack" size="20,100" font="DefaultMinimum" align="Center" valign="Center"/>		
		<Image source="skip-forward.png" location="32,2" size="3,90" fixedAspectRatio="true" />
		<Text text="+24HRS" location="30,0" name="SkipForward" size="20,100" font="DefaultMinimum" align="Center" valign="Center"/>		
		<Image source="channel-down.png" location="50,2" size="3,90" fixedAspectRatio="true" />
		<Text text="Page Down" location="50,0" name="PageDown" size="20,100" font="DefaultMinimum" align="Center" valign="Center"/>		
		<Image source="channel-up.png" location="72,2" size="3,90" fixedAspectRatio="true" />
		<Text text="Page Up" location="70,0" name="PageUp" size="20,100" font="DefaultMinimum" align="Center" valign="Center"/>		
	</Element>

	<Element name="Channels" location="1.55,16.6" size="@channelWidth,4.87" alpha="255" clearBeforeRender="true">
		<Rect location="0.2,0" size="99.6,100" fillColor="Channels"/>
		<If condition="@style=default" comment="default">
			<Text text="@number" location="3,0" size="94,100" font="DefaultMinimum" align="Left" valign="Center"/>
			<Text text="@name" visible="!@hasChannelIcon" location="26,0" size="72,100" font="DefaultMinimum" align="Right" valign="Center"/>
			<Text text="@name" visible="@hasChannelIcon" location="46,0" size="52,100" font="DefaultMinimum" align="Right" valign="Center"/>
			<Image source="@icon" visible="@hasChannelIcon" location="24,2" size="26,96" fixedAspectRatio="true" />
			<Text text="@name2" location="3,0" size="94,100" font="DefaultSmaller" align="Left" valign="Center"/>
		</If>
		<If condition="@style=numbericon" comment="number and icon">
			<Text text="@number" location="3,0" size="94,100" font="DefaultMinimum" align="Left" valign="Center"/>
			<Image source="@icon" visible="@hasChannelIcon" location="50,2" size="50,96" fixedAspectRatio="true" />
		</If>
		<If condition="@style=icon" comment="only icon">
			<Image source="@icon" visible="@hasChannelIcon" location="2,2" size="96,96" fixedAspectRatio="true" />
			<Text text="@name" visible="!@hasChannelIcon" location="3,0" size="94,100" font="DefaultMinimum" align="Center" valign="Center"/>
		</If>
		<If condition="@style=nameicon" comment="only icon">
			<Text text="@name" location="3,0" size="94,100" font="DefaultSmaller" align="Left" valign="Center"/>
			<Image source="@icon" visible="@hasChannelIcon" location="73,2" size="25,96" fixedAspectRatio="true" align="Right" />
		</If>
	</Element>

	<Element name="SelectedShowDetails" location="1.55,67.36" size="96.9,24.72" alpha="255">
		<RoundedRect location="0,-8" size="100,108" fillColor="Guide_Description" borderColor="Transparent" radius="2.32" borderWidth="0"/>
		<Rect location="0,0" size="50,1.15" fillColor="Accent2_Horizontal_FadeIn"/>
		<Rect location="49.95,0" size="50.05,1.15" fillColor="Accent2_Horizontal_FadeOut"/>
		<Text text="@titleSubtitle" location="1.55,5.09" size="76.9,20" font="Title1" borderColor="Border2" outlineWidth="1" align="Left"/>
		<Text text="@shortperiod" location="1.55,3.09" size="96.9,20" font="Title1" borderColor="Border2" outlineWidth="1" align="right"/>
		<Text text="@description" location="1.55,21.55" size="96.9,73.5" font="DefaultSmall" borderColor="Border2" outlineWidth="1" wrap="true"/>
	</Element>

	<Element name="CurrentTimeAbove" location="0,0" size="1.15,1.15">			
		<Image source="..\_Common\Down.png" location="0,0" size="100,100"/>
	</Element>

	<Element name="CurrentTimeBelow" location="0,0" size="1.15,1.15">
		<Image source="..\_Common\Up.png" location="0,0" size="100,100"/>
	</Element>

	<Fonts>	
		<Font name="DefaultSmaller" color="#fafafa" size="9.5" typeFace="DroidSans"/> 
	</Fonts>

</Skin>