<Skin>
	<Fonts>
		<Font name="Dim" color="#888888" size="20" style="Bold" typeFace="DroidSans"/> 
		<Font name="DefaultSmall" color="#fafafa" size="11.95" typeFace="DroidSans"/> 
	</Fonts>

	<Colors>		
		<Color name="SSBackground" color="#222222"/>
	</Colors>

	<Element name="FixedImage" location="30,30" size="30,20">
            <RoundedRect location="22,4" size="56,40" fillColor="SSBackground" radius="2.5" borderWidth="0.1"/>
		<Text text="@time" location="0,4" size="100,40" font="Dim" align="Center" valign="Center"/>
		<Text text="@nowPlaying" location="0,60" size="100,40" font="DefaultSmall" align="Center"/>
	</Element>

</Skin>