<Settings>
  <Skin>Default</Skin>
  <Version>
    <CurrentVersion>5.2.7</CurrentVersion>
    <BuildDate>220410</BuildDate>
    <LastNotifiedVersion>5.2.7 (220410)</LastNotifiedVersion>
    <LastChecked>636850779013249143</LastChecked>
    <DaysBetweenChecks>0</DaysBetweenChecks>
    <License>none</License>
  </Version>
  <General>
    <PvrMode>true</PvrMode>
    <AppMode>Default</AppMode>
    <Language>Default</Language>
    <RecordingsView>modern</RecordingsView>
    <ScanDevicesAtStartup>true</ScanDevicesAtStartup>
    <StartFullscreen>false</StartFullscreen>
    <StartOnSecondMonitor>false</StartOnSecondMonitor>
    <UiResolution>Auto</UiResolution>
    <EnableAnimation>true</EnableAnimation>
    <ContextMenuOnRightMouseButton>true</ContextMenuOnRightMouseButton>
    <LastXmltvFile>
    </LastXmltvFile>
    <XmltvSources>
    </XmltvSources>
    <SortExpression>
    </SortExpression>
    <UiServerPriority>1</UiServerPriority>
    <SlipSeconds>1200</SlipSeconds>
    <SchedulesDirectDays>9</SchedulesDirectDays>
    <SchedulesDirectDaysOvernight>15</SchedulesDirectDaysOvernight>
    <SchedulesDirectUsername>
    </SchedulesDirectUsername>
    <SchedulesDirectPassword>
    </SchedulesDirectPassword>
    <PreferArtFromSchedulesDirect>true</PreferArtFromSchedulesDirect>
    <SortChannelGroups>true</SortChannelGroups>
    <DownloadPosters>true</DownloadPosters>
    <DownloadFanArt>true</DownloadFanArt>
    <DownloadLandscape>true</DownloadLandscape>
    <DownloadThumbs>true</DownloadThumbs>
    <DownloadBanner>true</DownloadBanner>
    <DownloadLogo>true</DownloadLogo>
    <ArtworkFromSchedulesDirect>true</ArtworkFromSchedulesDirect>
    <ArtworkFromTheTVDB>true</ArtworkFromTheTVDB>
    <ArtworkFromTheMovieDB>true</ArtworkFromTheMovieDB>
    <ArtworkFromFanArtTV>true</ArtworkFromFanArtTV>
    <ArtworkFromTVMaze>true</ArtworkFromTVMaze>
    <ArtworkLandscapeAspectRatio>16x9</ArtworkLandscapeAspectRatio>
    <ArtworkPreferredLanguage>English</ArtworkPreferredLanguage>
    <DeleteRecurringWhenDeletingChannel>false</DeleteRecurringWhenDeletingChannel>
    <VisibleGuideMinutes>120</VisibleGuideMinutes>
    <RememberGuideSelection>false</RememberGuideSelection>
    <MiniGuideEnabled>true</MiniGuideEnabled>
    <ShowKeyboardTipsInGuide>false</ShowKeyboardTipsInGuide>
    <ShowNewInGuide>false</ShowNewInGuide>
    <ShowGenreColors>true</ShowGenreColors>
    <DeleteAdditionalExtensions>srt,txt,log,d2a,edl,csv,bat,wme,vprj,logo.txt,dvbsub,sm,xml,map,m3u8</DeleteAdditionalExtensions>
    <Zoom>0</Zoom>
    <OffsetX>0</OffsetX>
    <OffsetY>0</OffsetY>
    <ScanCollectionMS>3000</ScanCollectionMS>
    <ScanDropTime>3000</ScanDropTime>
    <UpdateExistingChannelNumbers>true</UpdateExistingChannelNumbers>
    <SortClientStore>false</SortClientStore>
    <ScheduleWakeups>true</ScheduleWakeups>
    <WakeupPreRecordingSeconds>30</WakeupPreRecordingSeconds>
    <LastChannel>0</LastChannel>
    <WaitForVSync>true</WaitForVSync>
    <AutoCombineChannels>true</AutoCombineChannels>
    <EPGUpdateHour>2</EPGUpdateHour>
    <EPGUpdateTime>02:44:00</EPGUpdateTime>
    <EPGUpdateEnabled>true</EPGUpdateEnabled>
    <OldStyleTimeLine>false</OldStyleTimeLine>
    <AutoShufflePlaylist>true</AutoShufflePlaylist>
    <HDPVRBufferLonger>false</HDPVRBufferLonger>
    <AutoSkip>true</AutoSkip>
    <HideRadioInTVGuide>false</HideRadioInTVGuide>
    <Culture>default</Culture>
    <SlideshowDelay>5000</SlideshowDelay>
    <ForceMpgGraph>false</ForceMpgGraph>
    <MpgUsingSplitter>false</MpgUsingSplitter>
    <LanguagePreferenceEIT>default</LanguagePreferenceEIT>
    <LanguagePreference1>default</LanguagePreference1>
    <LanguagePreference2>default</LanguagePreference2>
    <EPGScanSeconds>60</EPGScanSeconds>
    <EPGScanIgnore>
    </EPGScanIgnore>
    <EPGLiveTVUpdates>false</EPGLiveTVUpdates>
    <PreResumeDelay>500</PreResumeDelay>
    <AutoQueueAudioTracks>true</AutoQueueAudioTracks>
    <QueueAudioTracksInsteadOfReplace>false</QueueAudioTracksInsteadOfReplace>
    <LogTranslations>true</LogTranslations>
    <ResumeStartupDelay>0</ResumeStartupDelay>
    <ChannelSelectorPinned>false</ChannelSelectorPinned>
    <ChannelSelectorPos>2878,507,426,388</ChannelSelectorPos>
    <StartupActivity>Main Menu</StartupActivity>
    <DumpSchedulesDirectData>true</DumpSchedulesDirectData>
    <PreferredMenuStyle2>slideout</PreferredMenuStyle2>
    <SlideOutTransparency>100</SlideOutTransparency>
    <ComskipStartOffset>0</ComskipStartOffset>
    <ComskipEndOffset>0</ComskipEndOffset>
    <OSDTimeoutInfo>4000</OSDTimeoutInfo>
    <OSDTimeoutInfoOnPause>10000</OSDTimeoutInfoOnPause>
    <OSDTimeoutStatus>4000</OSDTimeoutStatus>
    <OSDTimeoutTimeline>4000</OSDTimeoutTimeline>
    <OSDMouseControls>4000</OSDMouseControls>
    <ReversePriorityForLiveTV>true</ReversePriorityForLiveTV>
    <PromptForResumeVideoLibrary>true</PromptForResumeVideoLibrary>
    <PromptForResumeDVD>true</PromptForResumeDVD>
    <PromptForDeleteAfterPlayback>true</PromptForDeleteAfterPlayback>
    <HandleMCERemoteEvents>true</HandleMCERemoteEvents>
    <StartOnMCEGreenButton>true</StartOnMCEGreenButton>
    <StartOnMCELiveTVButton>false</StartOnMCELiveTVButton>
    <AlwaysShowNowNextDetails>true</AlwaysShowNowNextDetails>
    <WatchedKickInSeconds>60</WatchedKickInSeconds>
    <CollectEIT>true</CollectEIT>
    <LastChannelGroup>All Channels</LastChannelGroup>
    <WebClientSkin>Default</WebClientSkin>
    <UseLighterFont>true</UseLighterFont>
    <PreferredLangXMLTV>nor</PreferredLangXMLTV>
    <ConvertStarRating>false</ConvertStarRating>
    <HDHRBasePort>36312</HDHRBasePort>
    <KeepMonitorAwakeDuringMusic>false</KeepMonitorAwakeDuringMusic>
    <LogLevel>DEBUG</LogLevel>
    <ShowFanArtForSubDirectories>true</ShowFanArtForSubDirectories>
    <EnableDRISupport>false</EnableDRISupport>
    <EnableVirtualHeadendSupport>true</EnableVirtualHeadendSupport>
    <DownloadMetadata>true</DownloadMetadata>
    <ShowMetadataScreensInVideoLibrary>false</ShowMetadataScreensInVideoLibrary>
    <ShowMetadataScreensInRecordings2>false</ShowMetadataScreensInRecordings2>
    <SortFilesAndFoldersAlphabetically>false</SortFilesAndFoldersAlphabetically>
    <SATIPEnablePidFiltering>true</SATIPEnablePidFiltering>
    <CordcutterProfile>hd_h264_1080p</CordcutterProfile>
    <StrippedEPGPrefixes>Movie:~MOVIE:~New:~All New</StrippedEPGPrefixes>
    <AllowCrossChannelDuplicates>false</AllowCrossChannelDuplicates>
    <FreesatEPGTuning>11425,H,27500,23</FreesatEPGTuning>
    <ExtendedLogging>false</ExtendedLogging>
    <LookupMPEG2Decoders>true</LookupMPEG2Decoders>
    <ShowMouseControls>true</ShowMouseControls>
    <UseLegacyTSReader>false</UseLegacyTSReader>
    <ToggleFullscreenOnDoubleClick>true</ToggleFullscreenOnDoubleClick>
    <ChannelHeaderStyle>Number - Name</ChannelHeaderStyle>
  </General>
  <ScreenSaver>
    <ActiveScreenSaver>FixedImage</ActiveScreenSaver>
    <InactivityMinutes>10</InactivityMinutes>
  </ScreenSaver>
  <AspectRatio>
    <TVShape>16:9</TVShape>
    <DefaultBehaviour>Auto</DefaultBehaviour>
    <AspectRatioModes shape="4:3">
      <AspectRatioMode name="Fill">0,0,1,1</AspectRatioMode>
      <AspectRatioMode name="LetterBox">-0.17,-0.02,1.17,1.02</AspectRatioMode>
      <AspectRatioMode name="WideScreen">0,0.125,1,0.875</AspectRatioMode>
      <AspectRatioMode name="Zoom">-0.17,-0.17,1.17,1.17</AspectRatioMode>
    </AspectRatioModes>
    <AspectRatioModes shape="16:9">
      <AspectRatioMode name="Fill">0,0,1,1</AspectRatioMode>
      <AspectRatioMode name="Remove LetterBox">0,-0.125,1,1.125</AspectRatioMode>
      <AspectRatioMode name="PillarBox">0.08,0,0.92,1</AspectRatioMode>
      <AspectRatioMode name="FillZoom">-0.05,-0.05,1.05,1.05</AspectRatioMode>
    </AspectRatioModes>
    <AspectRatioModes shape="16:10">
      <AspectRatioMode name="Fill">0,0.05,1,0.95</AspectRatioMode>
      <AspectRatioMode name="PillarBox">0.08,0,0.92,1</AspectRatioMode>
      <AspectRatioMode name="Remove LetterBox">0,-0.125,1,1.125</AspectRatioMode>
      <AspectRatioMode name="FillZoom">-0.02,-0.02,1.02,1.02</AspectRatioMode>
    </AspectRatioModes>
  </AspectRatio>
  <Recording>
    <ManualRecordingDays>10</ManualRecordingDays>
    <AllowInProcessRecording>true</AllowInProcessRecording>
    <ForceRecordingServiceUse>true</ForceRecordingServiceUse>
    <DefaultRecurringToOnlyNew>false</DefaultRecurringToOnlyNew>
    <ClientMode>false</ClientMode>
    <ServerName>192.168.1.8</ServerName>
    <ServerMAC>b8:ae:ed:ea:f1:01</ServerMAC>
    <ServerSendWOL>true</ServerSendWOL>
    <ServerPort>7969</ServerPort>
    <DatabaseShare>\\192.168.1.8\NPVR</DatabaseShare>
    <AutoCreateFolders>true</AutoCreateFolders>
    <PrimeDigitalTuners>false</PrimeDigitalTuners>
    <NewStyle>true</NewStyle>
    <WhatsNewDays>7</WhatsNewDays>
    <DefaultView>What's New</DefaultView>
    <UseHigherPriority>false</UseHigherPriority>
    <HigherPriorityLevel>AboveNormal</HigherPriorityLevel>
    <UseRecordingService>false</UseRecordingService>
    <PrePadding>1</PrePadding>
    <PostPadding>2</PostPadding>
    <RecordingDirectory>C:\Users\Public\Videos\</RecordingDirectory>
    <ExtraRecordingDirectories>
    </ExtraRecordingDirectories>
    <RecordingDirectoryTranslation>d:\temp~\\someserver\someshare</RecordingDirectoryTranslation>
    <LiveTVBufferDirectory>C:\Users\Public\Videos\</LiveTVBufferDirectory>
    <TimeshiftMode>Time Based</TimeshiftMode>
    <AutoRemoveMissingRecordings>true</AutoRemoveMissingRecordings>
    <CheckForRenamedRecordings>true</CheckForRenamedRecordings>
    <NoRemoveWhenTreeMissing>true</NoRemoveWhenTreeMissing>
    <TimeSlotMinutes>90</TimeSlotMinutes>
    <ConfirmOnDelete>false</ConfirmOnDelete>
    <StoreSeparateMetadataXml>true</StoreSeparateMetadataXml>
    <RecurringMatch>Exact</RecurringMatch>
    <OutOfProcessDigital>false</OutOfProcessDigital>
    <OutOfProcessAnalog>false</OutOfProcessAnalog>
    <DeletionHistoryDays>90</DeletionHistoryDays>
    <EnableIPTVDevice>false</EnableIPTVDevice>
    <AllowDuplicates>false</AllowDuplicates>
    <BlockShutdownWhileRecording>true</BlockShutdownWhileRecording>
    <DefaultDirectoryChoice>first</DefaultDirectoryChoice>
    <UseSeasonEpisodeNamingIfPossible>true</UseSeasonEpisodeNamingIfPossible>
    <UseMovieYearNamingIfPossible>true</UseMovieYearNamingIfPossible>
    <UsePlexStyleNaming>false</UsePlexStyleNaming>
    <FileNameReplaceSpaceWithPeriod>true</FileNameReplaceSpaceWithPeriod>
    <FileNameCreateSeasonDirectories>true</FileNameCreateSeasonDirectories>
    <LookForConflictAlternatives>true</LookForConflictAlternatives>
    <AutoExtendSportsEvents>false</AutoExtendSportsEvents>
    <StoreEnsembleMetadataXml>false</StoreEnsembleMetadataXml>
    <AutoTranscode>none</AutoTranscode>
  </Recording>
  <WebServer>
    <UseCompression>true</UseCompression>
    <Enabled>true</Enabled>
    <Port>8866</Port>
    <Username>admin</Username>
    <Password>5f4dcc3b5aa765d61d8327deb882cf99</Password>
    <AutoAuthLocalConnections>false</AutoAuthLocalConnections>
    <PermanentSIDs>
    </PermanentSIDs>
    <PinMD5>4A7D1ED414474E4033AC29CCB8653D9B</PinMD5>
    <PinLoginAllowSettings>false</PinLoginAllowSettings>
    <WebInterface>modern</WebInterface>
    <AllowRemoteAPI>false</AllowRemoteAPI>
    <AllowRemoteStreaming>false</AllowRemoteStreaming>
    <AllowRemoteTranscode>true</AllowRemoteTranscode>
    <AllowUnauthenticatedStreaming>false</AllowUnauthenticatedStreaming>
    <SendVOD>false</SendVOD>
    <TranscodeProfile>720p - 2Mbps</TranscodeProfile>
    <TranscodeExe>.\other\ffmpeg.exe</TranscodeExe>
    <TranscodeHLS>default</TranscodeHLS>
    <AnalyzeDuration>default</AnalyzeDuration>
    <VideoEncoder>CPU</VideoEncoder>
    <TranscodeArgs>-y -v 0 -i [SOURCE] -f mpegts -acodec libfaac -ar 48000 -ac 2 -ab 64k -s [RESOLUTION] -vcodec libx264 -b [BITRATE] -flags +loop -cmp +chroma -refs 1 -coder 0 -me_range 16 -keyint_min 25 -sc_threshold 40 -i_qfactor 0.71 -bt 200k -maxrate 96k -bufsize 96k -rc_eq 'blurCplx^(1-qComp)' -qcomp 0.6 -qmin 10 -qmax 51 -qdiff 4 -level 30 -aspect [ASPECT] -g 30 -async 2  [TARGET]</TranscodeArgs>
  </WebServer>
  <Playback>
    <VolumeControl>internal</VolumeControl>
    <VolumeLevel>100</VolumeLevel>
    <VolumeMuted>false</VolumeMuted>
    <SkipForwardSeconds>60</SkipForwardSeconds>
    <SkipBackSeconds>30</SkipBackSeconds>
    <SkipFFSeconds>10</SkipFFSeconds>
    <SkipRWSeconds>10</SkipRWSeconds>
    <FFRWBehaviour>Fast Play</FFRWBehaviour>
    <LeftRightBehaviour>Short Skip</LeftRightBehaviour>
    <FastPlayStepSize>1.2</FastPlayStepSize>
    <FastPlayStepFrequencyMS>100</FastPlayStepFrequencyMS>
    <PrePlayDelay>500</PrePlayDelay>
    <DVDDrive>AUTO</DVDDrive>
    <DaemonToolsExe>C:\Program Files (x86)\DAEMON Tools Lite\DTLite.exe</DaemonToolsExe>
    <DaemonToolsDrive>I:\</DaemonToolsDrive>
    <DaemonToolsDelay>3500</DaemonToolsDelay>
    <ActiveSubtitle>none</ActiveSubtitle>
  </Playback>
  <Subtitles>
    <PreferredLanguage>eng</PreferredLanguage>
    <DVBSubtitlesPESDelay>0</DVBSubtitlesPESDelay>
    <TeletextSubtitlesPESDelay>0</TeletextSubtitlesPESDelay>
    <TeletextFontName>Courier New</TeletextFontName>
    <TeletextFontSize>12</TeletextFontSize>
  </Subtitles>
  <Renderers>
    <VideoRenderer>EVR</VideoRenderer>
    <AudioRenderer>Default</AudioRenderer>
    <MusicRenderer>Default</MusicRenderer>
    <DVDVideoRenderer>EVR</DVDVideoRenderer>
    <DVDAudioRenderer>Default</DVDAudioRenderer>
    <AlternateOSDForMissingVideo>true</AlternateOSDForMissingVideo>
    <ForcedLiveTVClock>Default</ForcedLiveTVClock>
    <OSDTransparency>0.75</OSDTransparency>
  </Renderers>
  <Decoders>
    <DecoderH264>Microsoft DTV-DVD Video Decoder</DecoderH264>
    <DecoderHEVC>LAV Video Decoder</DecoderHEVC>
    <DecoderMPEG2>LAV Video Decoder</DecoderMPEG2>
    <OnlyIncludeMappedAudioDecodersForTS>true</OnlyIncludeMappedAudioDecodersForTS>
    <DecoderAC3>LAV Audio Decoder</DecoderAC3>
    <DecoderEAC3>LAV Audio Decoder</DecoderEAC3>
    <DecoderAAC>Microsoft DTV-DVD Audio Decoder</DecoderAAC>
    <DecoderHEAAC>LAV Audio Decoder</DecoderHEAAC>
    <DecoderMPEG1Layer2>LAV Audio Decoder</DecoderMPEG1Layer2>
    <DVDDecoderMPEG2>LAV Video Decoder</DVDDecoderMPEG2>
    <DVDDecoderAC3>Disabled</DVDDecoderAC3>
    <DVDDecoderMPEG1Layer2>Microsoft DTV-DVD Audio Decoder</DVDDecoderMPEG1Layer2>
  </Decoders>
  <MenuLayout>
    <MenuItem enabled="true">TV Guide</MenuItem>
    <MenuItem enabled="true">Recordings</MenuItem>
    <MenuItem enabled="true">Search</MenuItem>
    <MenuItem enabled="true">Live TV</MenuItem>
    <MenuItem enabled="true">Music</MenuItem>
    <MenuItem enabled="true">Videos</MenuItem>
    <MenuItem enabled="true">Pictures</MenuItem>
    <MenuItem enabled="true">DVD</MenuItem>
    <MenuItem enabled="true">Exit</MenuItem>
  </MenuLayout>
  <PluginSettings>
    <DefaultTVGuide>TV Guide</DefaultTVGuide>
    <DefaultVideo>Videos</DefaultVideo>
    <DefaultMusic>Music</DefaultMusic>
    <DefaultPictures>Pictures</DefaultPictures>
    <DefaultRadio>none</DefaultRadio>
    <DefaultRecordings>Recordings</DefaultRecordings>
    <!-- plugin settings can go here -->
  </PluginSettings>
  <StreamingProfiles>
    <Profile name="1080p">
      <VideoBitrate>8000</VideoBitrate>
      <AudioBitrate>192</AudioBitrate>
      <AudioChannels>2</AudioChannels>
    </Profile>
    <Profile name="720p">
      <VideoBitrate>4000</VideoBitrate>
      <AudioBitrate>192</AudioBitrate>
      <AudioChannels>2</AudioChannels>
    </Profile>
    <Profile name="576p">
      <VideoBitrate>2000</VideoBitrate>
      <AudioBitrate>128</AudioBitrate>
      <AudioChannels>2</AudioChannels>
    </Profile>
    <Profile name="504p">
      <VideoBitrate>1700</VideoBitrate>
      <AudioBitrate>128</AudioBitrate>
      <AudioChannels>2</AudioChannels>
    </Profile>
    <Profile name="480p">
      <VideoBitrate>1500</VideoBitrate>
      <AudioBitrate>128</AudioBitrate>
      <AudioChannels>2</AudioChannels>
    </Profile>
    <Profile name="360p">
      <VideoBitrate>750</VideoBitrate>
      <AudioBitrate>128</AudioBitrate>
      <AudioChannels>2</AudioChannels>
    </Profile>
    <Profile name="240p">
      <VideoBitrate>460</VideoBitrate>
      <AudioBitrate>128</AudioBitrate>
      <AudioChannels>2</AudioChannels>
    </Profile>
    <Profile name="144p">
      <VideoBitrate>100</VideoBitrate>
      <AudioBitrate>128</AudioBitrate>
      <AudioChannels>2</AudioChannels>
    </Profile>
  </StreamingProfiles>
  <HDPVR>
    <WebCam>None</WebCam>
    <Microphone>None</Microphone>
    <MicrophoneLevel>67</MicrophoneLevel>
    <WebCamAspectRatio>16x9</WebCamAspectRatio>
    <ForceSPDIF>false</ForceSPDIF>
    <StopOnChannelChange>true</StopOnChannelChange>
    <WaitLongerBeforeRecordingCapture>false</WaitLongerBeforeRecordingCapture>
    <WaitLongerDelay>6500</WaitLongerDelay>
    <ScalerEnabled>false</ScalerEnabled>
    <ScalerAVerMedia>640x360</ScalerAVerMedia>
    <ScalerRoxio>640x360</ScalerRoxio>
    <Scaler1080pRes>1280x720</Scaler1080pRes>
    <Scaler1080iRes>720x480</Scaler1080iRes>
    <Scaler720pRes>720x480</Scaler720pRes>
    <ScalerSDPRes>source</ScalerSDPRes>
    <ScalerSDIRes>source</ScalerSDIRes>
    <Scaler1080pFPS>source</Scaler1080pFPS>
    <Scaler1080iFPS>source</Scaler1080iFPS>
    <Scaler720pFPS>source</Scaler720pFPS>
    <ScalerSDpFPS>source</ScalerSDpFPS>
    <ScalerSDiFPS>source</ScalerSDiFPS>
    <VideoEncoderProfile>main</VideoEncoderProfile>
    <VideoEncoderLevel>3.1</VideoEncoderLevel>
    <VideoEncoderLatency>low</VideoEncoderLatency>
    <AudioEncoderAACBitrate>192</AudioEncoderAACBitrate>
    <AudioEncoderAnalogBoost>false</AudioEncoderAnalogBoost>
    <AudioScaler48khz>source</AudioScaler48khz>
    <AudioScaler44_1khz>source</AudioScaler44_1khz>
    <VideoDefaultAspectRatioSDi>4x3</VideoDefaultAspectRatioSDi>
    <VideoDefaultAspectRatioSDp>16x9</VideoDefaultAspectRatioSDp>
    <Mode720p>
      <Bitrate>9000000</Bitrate>
      <BitratePeak>13500000</BitratePeak>
      <BitrateMode>VBR</BitrateMode>
    </Mode720p>
    <Mode1080i>
      <Bitrate>9000000</Bitrate>
      <BitratePeak>13500000</BitratePeak>
      <BitrateMode>VBR</BitrateMode>
    </Mode1080i>
    <ModeSD>
      <Bitrate>3000000</Bitrate>
      <BitratePeak>5000000</BitratePeak>
      <BitrateMode>VBR</BitrateMode>
    </ModeSD>
  </HDPVR>
  <Analog>
    <Bitrate>3000000</Bitrate>
    <BitratePeak>5000000</BitratePeak>
    <BitrateMode>VBR</BitrateMode>
    <FieldOrder>default</FieldOrder>
    <ProcAmpBrightness>auto</ProcAmpBrightness>
    <ProcAmpContrast>auto</ProcAmpContrast>
    <ProcAmpHue>auto</ProcAmpHue>
    <ProcAmpSaturation>auto</ProcAmpSaturation>
    <ProcAmpSharpness>auto</ProcAmpSharpness>
    <ProcAmpGamma>auto</ProcAmpGamma>
    <ProcAmpWhiteBalance>auto</ProcAmpWhiteBalance>
    <ProcAmpGain>auto</ProcAmpGain>
  </Analog>
  <LibraryDirectories>
    <HideFileExtensions>false</HideFileExtensions>
    <HideDotDot>false</HideDotDot>
    <AllowVideoDelete>true</AllowVideoDelete>
    <HideFolderPngJpgInPictureLibrary>true</HideFolderPngJpgInPictureLibrary>
    <MusicLibrary extensions="^.+\.(mp3|ogg|m3u|wma|aac|wav|m4a|fla|flac)$">
      <Directory name="Default">C:\</Directory>
    </MusicLibrary>
    <VideoLibrary extensions="^.+\.(mpeg|mpg|m2v|avi|ty|avs|ogm|mp4|mov|m2ts|wmv|cdg|iso|rm|dvr-ms|ts|mkv|vob|divx|flv|m4v|3gp|rmvb|wtv|bdmv|lnk)$">
      <Directory name="Default">C:\</Directory>
    </VideoLibrary>
    <PictureLibrary extensions="^.+\.(bmp|jpg|png|tiff|tif)$">
      <Directory name="Default">C:\</Directory>
    </PictureLibrary>
  </LibraryDirectories>
</Settings>