<Mapping>
   <Subsystem name="General">
      <Key code="{CTRL}P" command="Play"/>
      <Key code="Escape" command="Escape"/>
      <Key code="PageUp" command="PageUp"/>
      <Key code="PageDown" command="PageDown"/>
      <Key code="Delete" command="Delete"/>

      <Key code="{CTRL}S" command="Stop"/>
      <Key code="{CTRL}Q" command="Pause"/>
      <Key code="{CTRL}P" command="Play"/>
      <Key code="{CTRL}K" command="Record"/>
      <Key code="{CTRL}O" command="PausePlay"/>

      <Key code="{CTRL}I" command="Info"/>
      
      <Key code="R" command="PageUp"/>
      <Key code="F" command="PageDown"/>

      <Key code="{CTRL}Right" command="SkipForward"/>
      <Key code="{CTRL}Left" command="SkipBack"/>
      <Key code="{CTRL}R" command="Rewind"/>
      <Key code="{CTRL}F" command="FastForward"/>

      <Key code="F7" command="ToggleAspectRatio"/>
      <Key code="{CTRL}B" command="ShowOSD"/>

      <Key code="{ALT}B" command="Blue"/>
      <Key code="{ALT}G" command="Green"/>
      <Key code="{ALT}Y" command="Yellow"/>
      <Key code="{ALT}R" command="Red"/>     

      <Key code="{CTRL}E" command="SelectAudio"/>  

      <Key code="{CTRL}A" command="FastPlayBackwards"/>     
      <Key code="{CTRL}Z" command="FastPlayForward"/>     
	
      <Key code="{SHIFT}D8" command="PIP"/>  
      <Key code="{SHIFT}D3" command="SwapPIP"/>  
      <Key code="{SHIFT}D4" command="MovePIP"/> 
      <Key code="{SHIFT}D5" command="SizePIP"/> 

      <Key code="F9" command="MainMenu"/>       

      <Key code="Home" command="Home/Inset"/>

   </Subsystem>
   <Subsystem name="MusicPlayback">
      <Key code="{CTRL}S" command="Stop"/>
      <Key code="{CTRL}Q" command="Pause"/>
      <Key code="{CTRL}P" command="Play"/>
      <Key code="{CTRL}Right" command="NextTrack"/>
      <Key code="{CTRL}Left" command="PreviousTrack"/>
   </Subsystem>
   <Subsystem name="LiveTV">
      <Key code="Add" command="Channel+"/>
      <Key code="Subtract" command="Channel-"/>
      <Key code="Next" command="Channel-"/>
      <Key code="Prior" command="Channel-"/>
      <Key code="PageUp" command="Channel-"/>
      <Key code="PageDown" command="Channel+"/>
      <Key code="Return" command="ChangeChannel"/>	

      <Key code="{CTRL}X" command="SelectSubtitles"/>
      <Key code="{CTRL}W" command="PreviousChannel"/>
      <Key code="{CTRL}T" command="ToggleTeletext"/>
      <Key code="{CTRL}D" command="SetSubtitleDelay"/>          
      
      <Key code="Space" command="PausePlay"/>
      <Key code="F" command="FastForward"/>
      <Key code="R" command="Rewind"/>      
      <Key code="S" command="Stop"/>
      <Key code="Right" command="Right"/>
      <Key code="Left" command="Left"/>      
   </Subsystem>
   <Subsystem name="VideoPlayback">
      <Key code="{CTRL}X" command="SelectSubtitles"/>
      <Key code="{CTRL}T" command="ToggleTeletext"/>
      <Key code="{CTRL}D" command="SetSubtitleDelay"/>  
      
      <Key code="Space" command="PausePlay"/>
      <Key code="F" command="FastForward"/>
      <Key code="R" command="Rewind"/>      
      <Key code="S" command="Stop"/>
      <Key code="Right" command="Right"/>
      <Key code="Left" command="Left"/>
              
   </Subsystem>
   <Subsystem name="Recordings">
      <Key code="{CTRL}S" command="ToggleSortMode"/>
   </Subsystem>
   <Subsystem name="TVGuide">
      <Key code="{CTRL}G" command="SelectGroup"/>
   </Subsystem>
</Mapping>