<Skin>	
	<Element name="FanArt" location="0,0" size="100,100" >
	</Element>		
	
	<Element name="ListVideoInset" location="39,17" size="60.5,67" >
	</Element>
	
	<Element name="ListView" location="0,12.36" size="100,75.28" alpha="36" alphaFade="true" visibleRows="14">
		<RoundedRect location="-2,0.5" size="102,99" fillColor="#24c2e9ff" borderColor="Accent2_Horizontal_FadeOut" radius="0.01" borderWidth="0.15"/>
	</Element>

	<Element name="LazyLoadMetaData" location="46.5,15" size="53,70" alpha="255" alphaFade="true">
		<RoundedRect location="0,0.5" size="100,98.5" fillColor="Normal_List" borderColor="Accent1" radius="0.72" borderWidth="0.15"/>
		<Text visible="@hasMetaData" text="@name" location="0,0" size="100,10" font="Title1" align="Center" valign="Center" wrap="true"/>	
		<Text visible="@hasMetaData" text="@description" location="0,11" size="100,38.5" font="Default" align="Center" wrap="true"/>	
		<Image source="@previewImage" visible="@hasShortDescription" location="20,35" size="60,60" fixedAspectRatio="true"/>
		<Image source="@previewImage" visible="!@hasShortDescription" location="20,50" size="60,45" fixedAspectRatio="true"/>
	</Element>

	<Element name="ListItemNormal" location="2,15.45" size="44,4.64" alpha="255" alphaFade="true">
		<RoundedRect location="0.2,0.2" size="99.6,98.45" fillColor="Normal_List" borderColor="Accent1" radius="0.52" borderWidth="0.07"/>
		<Text text="@name" visible="@isItem" location="1.55,0" size="97,100" font="Default" align="Left" valign="Center"/>
                <Image source="watched.png" visible="@alreadyViewed" location="0.7,5" size="2,90"/>
	</Element>

	<Element name="ListItemSelected" location="2,15.45" size="44,4.64" alpha="255" alphaFade="true">
		<RoundedRect location="0.2,0.2" size="99.6,98" fillColor="Selected_List" borderColor="Border2" radius="0.52" borderWidth="0.2"/>
		<Text text="@name" visible="@isItem" location="1.55,0" size="97,100" font="DefaultReverse" align="Left" valign="Center"/>
                <Image source="watched.png" visible="@alreadyViewed" location="0.7,5" size="2,90"/>
	</Element>
	
	<Element name="ListPosition" location="0,87.44" size="100,4.64" alpha="255" alphaFade="true">
			<Rect location="-2,0" size="104,100" fillColor="BaseColor2"/>		
		<Text text="File:" location="85.36,0" size="10,100" font="Title2Small" align="Left" valign="Center"/>
		<Text text="@positionInfo" location="0,0" size="95.36,100" font="Title3Minimum" align="Right" valign="Center"/>
	</Element>
</Skin>