<Skin>
	<Element name="PopupButtons" location="9.83,30.9" offset="0">
	</Element>
	<Element name="ScheduleRecording" location="0,0" size="100,100" alpha="255">
		<RoundedRect location="9.85,19.1" size="80.30,61.8" fillColor="Popup" borderColor="Popup_Border" radius="3.09" borderWidth="0.12"/>
		<Rect location="10,19.1" size="61.85,0.15" fillColor="Accent1_Horizontal_FadeIn"/>
		<Rect location="71.8,19.1" size="18.2,0.15" fillColor="Accent1_Horizontal_FadeOut"/>
		<Rect location="10,80.75" size="18.7,0.15" fillColor="Accent1_Horizontal_FadeIn"/>
		<Rect location="28.65,80.75" size="61.8,0.15" fillColor="Accent1_Horizontal_FadeOut"/>
		<Rect location="30,35" size="0.15,15" fillColor="Accent2_Vertical_FadeIn"/>
		<Rect location="30,49.9" size="0.15,25.2" fillColor="Accent2_Vertical_FadeOut"/>
		<Text text="Details" location="9.77,64.89" size="79,20" font="Title4ExtraLarge"/>
		
		<Image name="Artwork" source="@previewImage" visible="@buttonCount=3" location="12.5,44.5" size="15,32" fixedAspectRatio="true" />
		<Image name="Artwork" source="@previewImage" visible="@buttonCount=4" location="12.5,44.5" size="15,32" fixedAspectRatio="true" />		
		<Image name="Artwork" source="@previewImage" visible="@buttonCount=5" location="12.5,49.0" size="15,29.5" fixedAspectRatio="true" />		
		<Image name="Artwork" source="@previewImage" visible="@buttonCount=6" location="12.5,54.0" size="15,24" fixedAspectRatio="true" />		
		<Text text="@title" location="32,21.63" size="58,8" font="Title1" wrap="true" valign="Bottom"/>
		<Image source="..\_Common\Left.png" visible="@hasCastCrew" name="ActionLeft" location="84,25" size="1.5,4"/>
		<Image source="..\_Common\Right.png" visible="@hasCastCrew" name="ActionRight" location="86,25" size="1.5,4"/>
		<Image source="@channelIcon" location="32,32" size="7.6,9.5" fixedAspectRatio="true" />
		<Text text="@channelNumberName" visible="@hasChannelIcon" location="40,32" size="58,3.5" font="Title4Minimum"/>
		<Text text="@period" visible="@hasChannelIcon" location="40,35" size="58,3.5" font="Title4Minimum"/>
		<Text text="@genreBracketedWithSignificance" visible="@hasChannelIcon" location="40,38" size="58,3.5" font="Title4Minimum"/>
		
		<Text text="@channelNumberName" visible="!@hasChannelIcon" location="32,32" size="58,3" font="Title4Minimum"/>
		<Text text="@period" visible="!@hasChannelIcon" location="32,35" size="58,3" font="Title4Minimum"/>
		<Text text="@genreBracketedWithSignificance" visible="!@hasChannelIcon" location="32,38" size="58,3" font="Title4Minimum"/>
		<Text text="@subtitle" location="32,43.5" size="72,4" font="Title2Small"/>		
		<Text name="description" text="@description" location="32,47.5" size="56,32" font="DefaultSmall" wrap="true"/> 
	
<!--
    <Line location1="0,0" location2="100,50" color="Blue" width="5"/>
    <Line location1="25,10" location2="75,90" color="White" width="5" borderColor="Red" borderWidth="5"/>
-->
	</Element>
	<Element name="OptionNormal" location="9.83,1.55" size="80.34,6.18">			
		<RoundedRect location="2,1" size="96,98" fillColor="Black" borderColor="Border2" radius="1.55" borderWidth="0.77"/>
		<Text text="@optionName" location="5,0" size="22,100" font="Default" align="Left" valign="Center"/>
		<Text text="@optionValue" location="26,0" size="76,100" font="Default" align="Left" valign="Center"/>
	</Element>
	<Element name="OptionSelected" location="9.83,1.55" size="80.34,6.18">
		<Element name="GeneralSelection"/>
		<RoundedRect location="2,1" size="96,98" fillColor="Black" borderColor="Border2" radius="1.55" borderWidth="0.77"/>
		<Text text="@optionName" location="5,0" size="22,100" font="Default" align="Left" valign="Center"/>
		<Text text="@optionValue" location="26,0" size="76,100" font="Default" align="Left" valign="Center"/>
	</Element>
</Skin>