<Skin>
	<Element name="FindAll" location="0,0" size="100,100" alpha="255" okButton="40,85.4" cancelButton="60,85.4">
		<RoundedRect location="9.85,9.85" size="80.30,80.30" fillColor="Popup" borderColor="Popup_Border" radius="3.09" borderWidth="0.07"/>
		<Rect location="10,9.85" size="51.81,0.15" fillColor="Accent1_Horizontal_FadeIn"/>
		<Rect location="61.8,9.85" size="28.2,0.15" fillColor="Accent1_Horizontal_FadeOut"/>
		<Rect location="10,90" size="28.21,0.15" fillColor="Accent1_Horizontal_FadeIn"/>
		<Rect location="38.2,90" size="51.8,0.15" fillColor="Accent1_Horizontal_FadeOut"/>
		<Rect location="20,17.56" size="30.01,0.15" fillColor="Accent2_Horizontal_FadeIn"/>
		<Rect location="50,17.56" size="30.01,0.15" fillColor="Accent2_Horizontal_FadeOut"/>

		<Text text="@title" location="12,11.38" size="72,6" font="Title1" wrap="false" valign="Bottom"/>

	</Element>


	<Element name="ListView" location="0,12.36" size="100,75.28" alpha="255" visibleRows="6">
<!--
		<Rect location="0,0" size="50,0.3" fillColor="Accent2_Horizontal_FadeIn"/>
		<Rect location="49.99,0" size="50.01,0.3" fillColor="Accent2_Horizontal_FadeOut"/>
		<Rect location="0,0" size="100,100" fillColor="BaseColor1"/>
		<Rect location="0,99.5" size="50,0.3" fillColor="Accent2_Horizontal_FadeIn"/>
		<Rect location="49.99,99.5" size="50.01,0.3" fillColor="Accent2_Horizontal_FadeOut"/>
-->
	</Element>

	<Element name="ListItemNormal" location="12.0,19.55" size="75.26,9.52" alpha="255" alphaFade="true">
		<RoundedRect location="0.15,0.15" size="99.7,98.45" fillColor="Normal_Recording" borderColor="Accent1" radius="0.77" borderWidth="0.15"/>
		<Image source="scheduled.png" visible="@alreadyScheduled" location="0.5,5" size="2,90"/>
		<Text text="@titleSubtitle" location="2.5,10" size="82,40" font="Title1" align="Left" valign="Center"/>
		<Text text="@channel" location="50,15" size="48,40" font="DefaultSmall" align="Right" valign="Center"/>
		<Text text="@period" location="2.5,55" size="88,40" font="DefaultSmall" align="Left" valign="Center"/>
	</Element>

	<Element name="ListItemSelected" location="12.0,19.55" size="75.26,9.52" alpha="255" alphaFade="true">
		<RoundedRect visible="@controlSelected" location="0.15,0.15" size="99.7,99.4" fillColor="Selected_Recording" borderColor="Border2" radius="0.77" borderWidth="0.3"/>
		<RoundedRect visible="@controlNotSelected" location="0.15,0.15" size="99.7,99.4" fillColor="Selected_Recording" borderColor="Border2" radius="0.77" borderWidth="0.3"/>
		<Image source="scheduled.png" visible="@alreadyScheduled" location="0.5,5" size="2,90"/>
		<Text text="@titleSubtitle" location="2.5,10" size="82,40" font="Title1_Selected" align="Left" valign="Center"/>
		<Text text="@channel" location="50,15" size="48,40" font="DefaultReverseSmall" align="Right" valign="Center"/>
		<Text text="@period" location="2.5,55" size="88,40" font="DefaultReverseSmall" align="Left" valign="Center"/>
	</Element>
<!--	
	<Element name="ListSelectionMetaData" location="61.8,15.45" size="39.7,69.1" alpha="255">
		<RoundedRect location="0,0" size="100,99.4" fillColor="BaseColor2" borderColor="Accent1_Horizontal_FadeIn" radius="2.32" borderWidth="0.3"/>
		<Text text="@titleSubtitle" visible="@isItem" location="2.32,1.55" size="93.03,18.18" font="Title1" wrap="true" align="Left" valign="Bottom"/>
		<Text text="@subtitle" visible="@isItem" location="2.32,20.51" size="93.03,5" font="Title2Small" align="Left" wrap="true"/>
		<Text text="@description" visible="@isItem" location="2.32,26.28" size="93.03,63.17" font="DefaultSmall" align="left" wrap="true"/>
		<Text text="@failureReason" location="2.32,88.45" size="93.03,10" font="Title5Minimum" wrap="true" align="Center" valign="Bottom"/>
		<Image source="@previewImage" visible="@isFolder" location="15,15" size="70,70" fixedAspectRatio="true" /> 
	</Element>
!-->
	
	<Element name="ListPosition" location="0,80.44" size="100,4.64" alpha="255" alphaFade="true">
		<Text text="Show:" location="75,0" size="10,100" font="Title2Small" align="Left" valign="Center"/>
		<Text text="@positionInfo" location="0,0" size="85.7,100" font="Title3Minimum" align="Right" valign="Center"/>
	</Element>
</Skin>