<Skin>
	<Element name="Info" location="10,10" size="80,77" alpha="255" okButton="40,85.4" cancelButton="60,85.4">
		<RoundedRect location="2,2" size="98,98" fillColor="#181818" borderColor="Popup_Border" radius="3.09" borderWidth="0.07"/>
		<Text text="Video Information" location="5,5" size="72,6" font="Title1" wrap="false" valign="Bottom"/>		

    		<Text text="@item1Name" location="5,12" size="22,10" font="Title4Small" align="Left" valign="Center"/>
		<Text text="@item1Value" location="25,12" size="74,10" font="Default" align="Left" valign="Center"/>		

    		<Text text="@item2Name" location="5,18" size="22,10" font="Title4Small" align="Left" valign="Center"/>
		<Text text="@item2Value" location="25,18" size="74,10" font="Default" align="Left" valign="Center"/>		
		
    		<Text text="@item3Name" location="5,24" size="22,10" font="Title4Small" align="Left" valign="Center"/>
		<Text text="@item3Value" location="25,24" size="74,10" font="Default" align="Left" valign="Center"/>		

    		<Text text="@item4Name" location="5,30" size="22,10" font="Title4Small" align="Left" valign="Center"/>
		<Text text="@item4Value" location="25,30" size="74,10" font="Default" align="Left" valign="Center"/>		

    		<Text text="@item5Name" location="5,36" size="22,10" font="Title4Small" align="Left" valign="Center"/>
		<Text text="@item5Value" location="25,36" size="74,10" font="Default" align="Left" valign="Center"/>		

    		<Text text="@item6Name" location="5,42" size="22,10" font="Title4Small" align="Left" valign="Center"/>
		<Text text="@item6Value" location="25,42" size="74,10" font="Default" align="Left" valign="Center"/>		

   		<Text text="@item7Name" location="5,48" size="22,10" font="Title4Small" align="Left" valign="Center"/>
		<Text text="@item7Value" location="25,48" size="74,10" font="Default" align="Left" valign="Center"/>		

 		<Text text="@item8Name" location="5,54" size="22,10" font="Title4Small" align="Left" valign="Center"/>
		<Text text="@item8Value" location="25,54" size="74,10" font="Default" align="Left" valign="Center"/>		

   		<Text text="@item9Name" location="5,60" size="22,10" font="Title4Small" align="Left" valign="Center"/>
		<Text text="@item9Value" location="25,60" size="74,10" font="Default" align="Left" valign="Center"/>		   		

		<Text text="@item10Name" location="5,66" size="22,10" font="Title4Small" align="Left" valign="Center"/>
		<Text text="@item10Value" location="25,66" size="74,10" font="Default" align="Left" valign="Center"/>

		<Text text="@item11Name" location="5,72" size="22,10" font="Title4Small" align="Left" valign="Center"/>
		<Text text="@item11Value" location="25,72" size="74,10" font="Default" align="Left" valign="Center"/>

		<Text text="@item12Name" location="5,78" size="22,10" font="Title4Small" align="Left" valign="Center"/>
		<Text text="@item12Value" location="25,78" size="74,10" font="Default" align="Left" valign="Center"/>

		<Text text="@item13Name" location="5,84" size="22,10" font="Title4Small" align="Left" valign="Center"/>
		<Text text="@item13Value" location="25,84" size="74,10" font="Default" align="Left" valign="Center"/>

		<Text text="@item14Name" location="5,90" size="22,10" font="Title4Small" align="Left" valign="Center"/>
		<Text text="@item14Value" location="25,90" size="74,10" font="Default" align="Left" valign="Center"/>

	</Element>
</Skin>