<Skin>
	<Element name="ResolveConflict" location="15,20" size="70,60" alpha="255" okButton="40,85.4" cancelButton="60,85.4">
		<RoundedRect location="2,2" size="98,98" fillColor="Popup" borderColor="Popup_Border" radius="3.09" borderWidth="0.07"/>
		<Text text="No tuner is available to record the requested show.  Would you like to cancel this attempted recording, or cancel the conflicting recordings?" location="2.5,5" size="95,20" font="DefaultSmall" align="center" valign="Center" wrap="true"/>
	</Element>


	<Element name="ListView" location="32.0,32.0" size="37,5" alpha="255" visibleRows="4">
	</Element>

	<Element name="ListItemNormal" location="20,38.0" size="60,10" alpha="255" alphaFade="true">
		<RoundedRect location="0.15,0.15" size="99.7,98.45" fillColor="Normal_Recording" borderColor="Accent1" radius="0.77" borderWidth="0.15"/>
		<Text text="@action" location="2.5,10" size="95,40" font="DefaultSmall" align="Left" valign="Center"/>
		<Text text="@recording1" location="25.5,10" size="73,40" font="DefaultSmall" align="Left" valign="Center"/>
		<Text text="@recording2" location="25.5,50" size="73,40" font="DefaultSmall" align="Left" valign="Center"/>
		<Text text="@recording3" location="25.5,50" size="73,40" font="DefaultSmall" align="Right" valign="Center"/>
	</Element>

	<Element name="ListItemSelected" location="20,38.0" size="60,10" alpha="255" alphaFade="true">
		<RoundedRect visible="@controlSelected" location="0.15,0.15" size="99.7,99.4" fillColor="Selected_Recording" borderColor="Border2" radius="1.27" borderWidth="0.3"/>
		<RoundedRect visible="@controlNotSelected" location="0.15,0.15" size="99.7,99.4" fillColor="Selected_Recording" borderColor="Border2" radius="1.27" borderWidth="0.3"/>
		<Text text="@action" location="2.5,10" size="95,40" font="DefaultReverseSmall" align="Left" valign="Center"/>
		<Text text="@recording1" location="25.5,10" size="73,40" font="DefaultReverseSmall" align="Left" valign="Center"/>
		<Text text="@recording2" location="25.5,50" size="73,40" font="DefaultReverseSmall" align="Left" valign="Center"/>
		<Text text="@recording3" location="25.5,50" size="73,40" font="DefaultReverseSmall" align="Right" valign="Center"/>
	</Element>
</Skin>