<Skin>
	<Element name="SelectDelay" location="24,24" size="52,47" alpha="255" okButton="40,85.4" cancelButton="60,85.4">
		<RoundedRect location="2,2" size="98,98" fillColor="Popup" borderColor="Popup_Border" radius="3.09" borderWidth="0.07"/>
		<Text text="Select Subtitle Delay" location="0,3" size="100,12" font="Title1" align="Center" valign="Center"/>
	</Element>


	<Element name="ListView" location="26.0,32.0" size="49,5" alpha="255" visibleRows="7">
	</Element>

	<Element name="ListItemNormal" location="26.0,32.0" size="49,5" alpha="255" alphaFade="true">
		<RoundedRect location="0.15,0.15" size="99.7,98.45" fillColor="Normal_Recording" borderColor="Accent1" radius="0.77" borderWidth="0.15"/>
		<Text text="@name" location="2.5,10" size="95,80" font="DefaultSmall" align="Left" valign="Center"/>
	</Element>

	<Element name="ListItemSelected" location="26.0,32.0" size="49,5" alpha="255" alphaFade="true">
		<RoundedRect visible="@controlSelected" location="0.15,0.15" size="99.7,99.4" fillColor="Selected_Recording" borderColor="Border2" radius="1.27" borderWidth="0.3"/>
		<RoundedRect visible="@controlNotSelected" location="0.15,0.15" size="99.7,99.4" fillColor="Selected_Recording" borderColor="Border2" radius="1.27" borderWidth="0.3"/>
		<Text text="@name" location="2.5,10" size="95,80" font="DefaultReverseSmall" align="Left" valign="Center"/>
	</Element>
</Skin>